id,first_name,last_name,email,gender,ip_address
1,Lucian,Cissell,lcissell0@bandcamp.com,Male,26.81.106.163
2,Burk,Lambdin,blambdin1@51.la,Genderfluid,126.196.32.20
3,Jillane,Rosenshine,jrosenshine2@examiner.com,Female,224.113.251.135
4,Barry,Domenge,bdomenge3@xinhuanet.com,Female,18.58.33.172
5,Paulette,Filinkov,pfilinkov4@chron.com,Female,195.202.38.236
6,Iris,Whiff,iwhiff5@biglobe.ne.jp,Female,8.56.212.63
7,Raynard,Theodore,rtheodore6@sitemeter.com,Male,103.218.239.158
8,Jolynn,Candey,jcandey7@ezinearticles.com,Female,134.18.241.89
9,Fraze,Folkerts,ffolkerts8@disqus.com,Genderfluid,182.100.181.102
10,Wylma,Winman,wwinman9@ucla.edu,Female,136.56.147.128
